file,line,variable,warning_type,warning_code
/local/sonst/work/other/Shetran/src/visualisation/visualisation_structure.f90,32,unknown,-Wunused-value
/local/sonst/work/other/Shetran/src/visualisation/visualisation_structure.f90,49,unknown,-Wunused-value
/local/sonst/work/other/Shetran/src/visualisation/visualisation_structure.f90,66,unknown,-Wunused-value
/local/sonst/work/other/Shetran/src/visualisation/visualisation_structure.f90,86,unknown,-Wunused-value
/local/sonst/work/other/Shetran/src/visualisation/visualisation_structure.f90,107,unknown,-Wunused-value
/local/sonst/work/other/Shetran/src/visualisation/visualisation_structure.f90,57,unknown,-Wunused-value
/local/sonst/work/other/Shetran/src/visualisation/visualisation_structure.f90,74,unknown,-Wunused-value
/local/sonst/work/other/Shetran/src/visualisation/visualisation_structure.f90,97,unknown,-Wunused-value
/local/sonst/work/other/Shetran/src/visualisation/visualisation_structure.f90,117,unknown,-Wunused-value
/local/sonst/work/other/Shetran/src/visualisation/visualisation_structure.f90,661,unknown,-Wunused-dummy-argument
/local/sonst/work/other/Shetran/src/visualisation/visualisation_structure.f90,661,unknown,-Wunused-dummy-argument
/local/sonst/work/other/Shetran/src/visualisation/visualisation_structure.f90,653,unknown,-Wunused-dummy-argument
/local/sonst/work/other/Shetran/src/visualisation/visualisation_structure.f90,645,unknown,-Wunused-dummy-argument
/local/sonst/work/other/Shetran/src/visualisation/visualisation_structure.f90,645,unknown,-Wunused-dummy-argument
/local/sonst/work/other/Shetran/src/visualisation/visualisation_structure.f90,625,unknown,-Wunused-dummy-argument
/local/sonst/work/other/Shetran/src/visualisation/visualisation_structure.f90,617,unknown,-Wunused-dummy-argument
/local/sonst/work/other/Shetran/src/visualisation/visualisation_structure.f90,609,unknown,-Wunused-dummy-argument
/local/sonst/work/other/Shetran/src/visualisation/visualisation_structure.f90,742,unknown,-Wunused-function
/local/sonst/work/other/Shetran/src/visualisation/visualisation_structure.f90,419,unknown,-Wmaybe-uninitialized
/local/sonst/work/other/Shetran/src/visualisation/visualisation_structure.f90,411,unknown,-Wmaybe-uninitialized
/local/sonst/work/other/Shetran/src/util/getdirqq.f90,51,unknown,-Wunused-variable
/local/sonst/work/other/Shetran/src/util/getdirqq.f90,51,unknown,-Wunused-variable
/local/sonst/work/other/Shetran/src/util/getdirqq.f90,51,unknown,-Wunused-variable
/local/sonst/work/other/Shetran/src/util/getdirqq.f90,51,unknown,-Wunused-variable
/local/sonst/work/other/Shetran/src/util/getdirqq.f90,51,unknown,-Wunused-variable
/local/sonst/work/other/Shetran/src/util/getdirqq.f90,41,unknown,-Wunused-dummy-argument
/local/sonst/work/other/Shetran/src/parameters/sglobal.f90,311,unknown,-Wunused-parameter
/local/sonst/work/other/Shetran/src/parameters/sglobal.f90,313,unknown,-Wunused-parameter
/local/sonst/work/other/Shetran/src/parameters/sglobal.f90,325,unknown,-Wunused-parameter
/local/sonst/work/other/Shetran/src/visualisation/visualisation_structure.f90,570,unknown,-Wmaybe-uninitialized
/local/sonst/work/other/Shetran/src/visualisation/visualisation_structure.f90,516,unknown,-Wmaybe-uninitialized
/local/sonst/work/other/Shetran/src/visualisation/visualisation_structure.f90,299,unknown,-Wmaybe-uninitialized
/local/sonst/work/other/Shetran/src/util/mod_load_filedata.f90,1240,unknown,-Wunused-label
/local/sonst/work/other/Shetran/src/util/mod_load_filedata.f90,1167,unknown,-Wunused-label
/local/sonst/work/other/Shetran/src/util/mod_load_filedata.f90,1046,unknown,-Wunused-label
/local/sonst/work/other/Shetran/src/util/mod_load_filedata.f90,248,unknown,-Wunused-label
/local/sonst/work/other/Shetran/src/util/mod_load_filedata.f90,243,unknown,-Wunused-label
/local/sonst/work/other/Shetran/src/util/mod_load_filedata.f90,1451,unknown,-Wunused-dummy-argument
/local/sonst/work/other/Shetran/src/util/mod_load_filedata.f90,1193,unknown,-Wunused-dummy-argument
/local/sonst/work/other/Shetran/src/compute/overland_channel/oc_node_flows.f90,16,unknown,-Wunused-dummy-argument
/local/sonst/work/other/Shetran/src/visualisation/visualisation_metadata.f90,898,unknown,-Wcharacter-truncation
/local/sonst/work/other/Shetran/src/visualisation/visualisation_metadata.f90,532,unknown,-Wcharacter-truncation
/local/sonst/work/other/Shetran/src/visualisation/visualisation_metadata.f90,154,unknown,-Wcompare-reals
/local/sonst/work/other/Shetran/src/visualisation/visualisation_metadata.f90,1080,unknown,-Wunused-variable
/local/sonst/work/other/Shetran/src/visualisation/visualisation_metadata.f90,242,unknown,-Wunused-dummy-argument
/local/sonst/work/other/Shetran/src/visualisation/visualisation_metadata.f90,587,unknown,-Wunused-function
/local/sonst/work/other/Shetran/src/visualisation/visualisation_metadata.f90,839,unknown,-Wunused-function
/local/sonst/work/other/Shetran/src/visualisation/visualisation_metadata.f90,846,unknown,-Wunused-function
/local/sonst/work/other/Shetran/src/compute/overland_channel/oc_flow_control.f90,178,unknown,-Wmaybe-uninitialized
/local/sonst/work/other/Shetran/src/compute/overland_channel/oc_flow_control.f90,175,unknown,-Wmaybe-uninitialized
/local/sonst/work/other/Shetran/src/compute/overland_channel/oc_flow_control.f90,178,unknown,-Wmaybe-uninitialized
/local/sonst/work/other/Shetran/src/compute/overland_channel/oc_flow_control.f90,185,unknown,-Wmaybe-uninitialized
/local/sonst/work/other/Shetran/src/compute/overland_channel/oc_flow_control.f90,186,unknown,-Wmaybe-uninitialized
/local/sonst/work/other/Shetran/src/compute/overland_channel/oc_flow_control.f90,186,unknown,-Wmaybe-uninitialized
/local/sonst/work/other/Shetran/src/visualisation/visualisation_metadata.f90,1027,unknown,-Wmaybe-uninitialized
/local/sonst/work/other/Shetran/src/visualisation/visualisation_metadata.f90,239,unknown,-Wmaybe-uninitialized
/local/sonst/work/other/Shetran/src/visualisation/visualisation_metadata.f90,815,unknown,-Wmaybe-uninitialized
/local/sonst/work/other/Shetran/src/visualisation/visualisation_metadata.f90,803,unknown,-Wmaybe-uninitialized
/local/sonst/work/other/Shetran/src/compute/hydraulic_structures/zq_table_reader.f90,59,unknown,-Wunused-variable
/local/sonst/work/other/Shetran/src/util/utilsmod.f90,904,unknown,-Winteger-division
/local/sonst/work/other/Shetran/src/util/utilsmod.f90,909,unknown,-Wconversion
/local/sonst/work/other/Shetran/src/util/utilsmod.f90,866,unknown,-Wunused-label
/local/sonst/work/other/Shetran/src/util/utilsmod.f90,751,unknown,-Wunused-label
/local/sonst/work/other/Shetran/src/util/utilsmod.f90,724,unknown,-Wunused-label
/local/sonst/work/other/Shetran/src/util/utilsmod.f90,671,unknown,-Wunused-label
/local/sonst/work/other/Shetran/src/visualisation/visualisation_metadata.f90,281,unknown,-Wmaybe-uninitialized
/local/sonst/work/other/Shetran/src/visualisation/visualisation_metadata.f90,239,unknown,-Wmaybe-uninitialized
/local/sonst/work/other/Shetran/src/compute/evapotranspiration_inception/et_validation.f90,37,unknown,-Wunused-parameter
/local/sonst/work/other/Shetran/src/visualisation/visualisation_metadata.f90,533,unknown,-Wmaybe-uninitialized
/local/sonst/work/other/Shetran/src/util/utilsmod.f90,564,unknown,-Wmaybe-uninitialized
/local/sonst/work/other/Shetran/src/compute/subsurface_flow/subsurface_utilities.f90,150,unknown,-Wunused-label
/local/sonst/work/other/Shetran/src/simulation/overland_channel/oc_utils.f90,83,unknown,-Wunused-label
/local/sonst/work/other/Shetran/src/visualisation/visualisation_map.f90,90,unknown,-Wcompare-reals
/local/sonst/work/other/Shetran/src/visualisation/visualisation_map.f90,29,unknown,-Wcompare-reals
/local/sonst/work/other/Shetran/src/visualisation/visualisation_map.f90,29,unknown,-Wcompare-reals
/local/sonst/work/other/Shetran/src/visualisation/visualisation_map.f90,30,unknown,-Wcompare-reals
/local/sonst/work/other/Shetran/src/visualisation/visualisation_map.f90,30,unknown,-Wcompare-reals
/local/sonst/work/other/Shetran/src/visualisation/visualisation_map.f90,33,unknown,-Wcompare-reals
/local/sonst/work/other/Shetran/src/visualisation/visualisation_map.f90,35,unknown,-Wcompare-reals
/local/sonst/work/other/Shetran/src/visualisation/visualisation_map.f90,38,unknown,-Wconversion
/local/sonst/work/other/Shetran/src/compute/subsurface_flow/subsurface_boundary_conditions.f90,473,unknown,-Wunused-parameter
/local/sonst/work/other/Shetran/src/compute/sediment/sediment_transport_capacity.f90,597,unknown,-Wunused-label
/local/sonst/work/other/Shetran/src/compute/subsurface_flow/subsurface_boundary_conditions.f90,165,unknown,-Wunused-dummy-argument
/local/sonst/work/other/Shetran/src/visualisation/visualisation_map.f90,133,unknown,-Wunused-variable
/local/sonst/work/other/Shetran/src/visualisation/visualisation_map.f90,79,unknown,-Wunused-variable
/local/sonst/work/other/Shetran/src/compute/subsurface_flow/subsurface_io.f90,769,unknown,-Wunused-label
/local/sonst/work/other/Shetran/src/visualisation/visualisation_map.f90,113,unknown,-Wunused-function
/local/sonst/work/other/Shetran/src/compute/sediment/sediment_transport_capacity.f90,597,unknown,-Wmaybe-uninitialized
/local/sonst/work/other/Shetran/src/compute/sediment/sediment_transport_capacity.f90,597,unknown,-Wmaybe-uninitialized
/local/sonst/work/other/Shetran/src/compute/subsurface_flow/subsurface_column_solver.f90,277,unknown,-Wunused-label
/local/sonst/work/other/Shetran/src/compute/subsurface_flow/subsurface_column_solver.f90,37,unknown,-Wunused-dummy-argument
/local/sonst/work/other/Shetran/src/compute/subsurface_flow/subsurface_column_solver.f90,32,unknown,-Wunused-dummy-argument
/local/sonst/work/other/Shetran/src/compute/subsurface_flow/subsurface_column_solver.f90,35,unknown,-Wunused-dummy-argument
/local/sonst/work/other/Shetran/src/compute/subsurface_flow/subsurface_column_solver.f90,35,unknown,-Wunused-dummy-argument
/local/sonst/work/other/Shetran/src/compute/sediment/sediment_initialization.f90,1468,unknown,-Wunused-label
/local/sonst/work/other/Shetran/src/compute/sediment/sediment_initialization.f90,823,unknown,-Wunused-label
/local/sonst/work/other/Shetran/src/compute/sediment/sediment_initialization.f90,682,unknown,-Wunused-label
/local/sonst/work/other/Shetran/src/compute/sediment/sediment_initialization.f90,1164,unknown,-Wunused-dummy-argument
/local/sonst/work/other/Shetran/src/compute/sediment/sediment_initialization.f90,1210,unknown,-Wunused-parameter
/local/sonst/work/other/Shetran/src/compute/sediment/sediment_initialization.f90,855,unknown,-Wunused-parameter
/local/sonst/work/other/Shetran/src/compute/sediment/sediment_initialization.f90,531,unknown,-Wunused-parameter
/local/sonst/work/other/Shetran/src/compute/overland_channel/oc_channel_flow_types.f90,84,unknown,-Wmaybe-uninitialized
/local/sonst/work/other/Shetran/src/visualisation/visualisation_hdf5.f90,508,unknown,-Wconversion
/local/sonst/work/other/Shetran/src/visualisation/visualisation_hdf5.f90,497,unknown,-Wconversion
/local/sonst/work/other/Shetran/src/visualisation/visualisation_hdf5.f90,433,unknown,-Wconversion
/local/sonst/work/other/Shetran/src/visualisation/visualisation_hdf5.f90,434,unknown,-Wconversion
/local/sonst/work/other/Shetran/src/visualisation/visualisation_hdf5.f90,449,unknown,-Wconversion
/local/sonst/work/other/Shetran/src/visualisation/visualisation_hdf5.f90,449,unknown,-Wcharacter-truncation
/local/sonst/work/other/Shetran/src/visualisation/visualisation_hdf5.f90,473,unknown,-Wconversion
/local/sonst/work/other/Shetran/src/visualisation/visualisation_hdf5.f90,473,unknown,-Wcharacter-truncation
/local/sonst/work/other/Shetran/src/visualisation/visualisation_hdf5.f90,360,unknown,-Wcharacter-truncation
/local/sonst/work/other/Shetran/src/visualisation/visualisation_hdf5.f90,380,unknown,-Wcharacter-truncation
/local/sonst/work/other/Shetran/src/visualisation/visualisation_hdf5.f90,215,unknown,-Wcharacter-truncation
/local/sonst/work/other/Shetran/src/visualisation/visualisation_hdf5.f90,157,unknown,-Wcompare-reals
/local/sonst/work/other/Shetran/src/visualisation/visualisation_hdf5.f90,158,unknown,-Wcompare-reals
/local/sonst/work/other/Shetran/src/visualisation/visualisation_hdf5.f90,169,unknown,-Wcompare-reals
/local/sonst/work/other/Shetran/src/visualisation/visualisation_hdf5.f90,170,unknown,-Wcompare-reals
/local/sonst/work/other/Shetran/src/visualisation/visualisation_hdf5.f90,126,unknown,-Wcharacter-truncation
/local/sonst/work/other/Shetran/src/visualisation/visualisation_hdf5.f90,580,unknown,-Wunused-dummy-argument
/local/sonst/work/other/Shetran/src/visualisation/visualisation_hdf5.f90,519,unknown,-Wunused-variable
/local/sonst/work/other/Shetran/src/visualisation/visualisation_hdf5.f90,518,unknown,-Wunused-variable
/local/sonst/work/other/Shetran/src/visualisation/visualisation_hdf5.f90,522,unknown,-Wunused-variable
/local/sonst/work/other/Shetran/src/visualisation/visualisation_hdf5.f90,519,unknown,-Wunused-variable
/local/sonst/work/other/Shetran/src/visualisation/visualisation_hdf5.f90,519,unknown,-Wunused-variable
/local/sonst/work/other/Shetran/src/visualisation/visualisation_hdf5.f90,519,unknown,-Wunused-variable
/local/sonst/work/other/Shetran/src/visualisation/visualisation_hdf5.f90,519,unknown,-Wunused-variable
/local/sonst/work/other/Shetran/src/visualisation/visualisation_hdf5.f90,518,unknown,-Wunused-variable
/local/sonst/work/other/Shetran/src/visualisation/visualisation_hdf5.f90,514,unknown,-Wunused-dummy-argument
/local/sonst/work/other/Shetran/src/visualisation/visualisation_hdf5.f90,518,unknown,-Wunused-variable
/local/sonst/work/other/Shetran/src/visualisation/visualisation_hdf5.f90,523,unknown,-Wunused-variable
/local/sonst/work/other/Shetran/src/visualisation/visualisation_hdf5.f90,518,unknown,-Wunused-variable
/local/sonst/work/other/Shetran/src/visualisation/visualisation_hdf5.f90,523,unknown,-Wunused-variable
/local/sonst/work/other/Shetran/src/visualisation/visualisation_hdf5.f90,518,unknown,-Wunused-variable
/local/sonst/work/other/Shetran/src/visualisation/visualisation_hdf5.f90,528,unknown,-Wunused-variable
/local/sonst/work/other/Shetran/src/visualisation/visualisation_hdf5.f90,527,unknown,-Wunused-variable
/local/sonst/work/other/Shetran/src/visualisation/visualisation_hdf5.f90,526,unknown,-Wunused-parameter
/local/sonst/work/other/Shetran/src/visualisation/visualisation_hdf5.f90,518,unknown,-Wunused-variable
/local/sonst/work/other/Shetran/src/visualisation/visualisation_hdf5.f90,514,unknown,-Wunused-dummy-argument
/local/sonst/work/other/Shetran/src/visualisation/visualisation_hdf5.f90,520,unknown,-Wunused-variable
/local/sonst/work/other/Shetran/src/visualisation/visualisation_hdf5.f90,517,unknown,-Wunused-parameter
/local/sonst/work/other/Shetran/src/compute/sediment/sediment_integration.f90,22,unknown,-Wunused-dummy-argument
/local/sonst/work/other/Shetran/src/visualisation/visualisation_hdf5.f90,237,unknown,-Wmaybe-uninitialized
/local/sonst/work/other/Shetran/src/compute/subsurface_flow/subsurface_simulation.f90,461,unknown,-Wunused-label
/local/sonst/work/other/Shetran/src/visualisation/visualisation_interface_left.f90,472,unknown,-Wconversion
/local/sonst/work/other/Shetran/src/visualisation/visualisation_interface_left.f90,462,unknown,-Wconversion
/local/sonst/work/other/Shetran/src/visualisation/visualisation_interface_left.f90,452,unknown,-Wconversion
/local/sonst/work/other/Shetran/src/visualisation/visualisation_interface_left.f90,446,unknown,-Wconversion
/local/sonst/work/other/Shetran/src/visualisation/visualisation_interface_left.f90,441,unknown,-Wconversion
/local/sonst/work/other/Shetran/src/visualisation/visualisation_interface_left.f90,436,unknown,-Wconversion
/local/sonst/work/other/Shetran/src/visualisation/visualisation_interface_left.f90,431,unknown,-Wconversion
/local/sonst/work/other/Shetran/src/visualisation/visualisation_interface_left.f90,409,unknown,-Wconversion
/local/sonst/work/other/Shetran/src/visualisation/visualisation_interface_left.f90,401,unknown,-Wconversion
/local/sonst/work/other/Shetran/src/visualisation/visualisation_interface_left.f90,394,unknown,-Wconversion
/local/sonst/work/other/Shetran/src/visualisation/visualisation_interface_left.f90,386,unknown,-Wconversion
/local/sonst/work/other/Shetran/src/visualisation/visualisation_interface_left.f90,362,unknown,-Wconversion
/local/sonst/work/other/Shetran/src/visualisation/visualisation_interface_left.f90,356,unknown,-Wconversion
/local/sonst/work/other/Shetran/src/visualisation/visualisation_interface_left.f90,350,unknown,-Wconversion
/local/sonst/work/other/Shetran/src/visualisation/visualisation_interface_left.f90,344,unknown,-Wconversion
/local/sonst/work/other/Shetran/src/visualisation/visualisation_interface_left.f90,327,unknown,-Wconversion
/local/sonst/work/other/Shetran/src/visualisation/visualisation_interface_left.f90,301,unknown,-Wconversion
/local/sonst/work/other/Shetran/src/visualisation/visualisation_interface_left.f90,203,unknown,-Wconversion
/local/sonst/work/other/Shetran/src/visualisation/visualisation_interface_left.f90,205,unknown,-Wconversion
/local/sonst/work/other/Shetran/src/visualisation/visualisation_interface_left.f90,207,unknown,-Wconversion
/local/sonst/work/other/Shetran/src/visualisation/visualisation_interface_left.f90,191,unknown,-Wconversion
/local/sonst/work/other/Shetran/src/visualisation/visualisation_interface_left.f90,193,unknown,-Wconversion
/local/sonst/work/other/Shetran/src/visualisation/visualisation_interface_left.f90,195,unknown,-Wconversion
/local/sonst/work/other/Shetran/src/visualisation/visualisation_interface_left.f90,223,unknown,-Wconversion
/local/sonst/work/other/Shetran/src/visualisation/visualisation_interface_left.f90,218,unknown,-Wconversion
/local/sonst/work/other/Shetran/src/visualisation/visualisation_interface_left.f90,184,unknown,-Wconversion
/local/sonst/work/other/Shetran/src/visualisation/visualisation_interface_left.f90,175,unknown,-Wconversion
/local/sonst/work/other/Shetran/src/visualisation/visualisation_interface_left.f90,167,unknown,-Wconversion
/local/sonst/work/other/Shetran/src/compute/subsurface_flow/subsurface_initialization.f90,862,unknown,-Wunused-label
/local/sonst/work/other/Shetran/src/visualisation/visualisation_interface_left.f90,162,unknown,-Wconversion
/local/sonst/work/other/Shetran/src/compute/subsurface_flow/subsurface_initialization.f90,818,unknown,-Wunused-label
/local/sonst/work/other/Shetran/src/visualisation/visualisation_interface_left.f90,157,unknown,-Wconversion
/local/sonst/work/other/Shetran/src/visualisation/visualisation_interface_left.f90,148,unknown,-Wconversion
/local/sonst/work/other/Shetran/src/visualisation/visualisation_interface_left.f90,150,unknown,-Wconversion
/local/sonst/work/other/Shetran/src/visualisation/visualisation_interface_left.f90,126,unknown,-Wconversion
/local/sonst/work/other/Shetran/src/compute/subsurface_flow/subsurface_initialization.f90,255,unknown,-Wunused-label
/local/sonst/work/other/Shetran/src/visualisation/visualisation_interface_left.f90,119,unknown,-Wunused-function
/local/sonst/work/other/Shetran/src/compute/evapotranspiration_inception/et_core.f90,293,unknown,-Wmaybe-uninitialized
/local/sonst/work/other/Shetran/src/visualisation/visualisation_interface_left.f90,153,unknown,-Wmaybe-uninitialized
/local/sonst/work/other/Shetran/src/compute/subsurface_flow/subsurface_simulation.f90,373,unknown,-Wmaybe-uninitialized
/local/sonst/work/other/Shetran/src/compute/contaminant/contaminant_utilities.f90,26,unknown,-Wunused-dummy-argument
/local/sonst/work/other/Shetran/src/compute/contaminant/contaminant_utilities.f90,26,unknown,-Wunused-dummy-argument
/local/sonst/work/other/Shetran/src/compute/contaminant/contaminant_utilities.f90,26,unknown,-Wunused-dummy-argument
/local/sonst/work/other/Shetran/src/compute/contaminant/contaminant_utilities.f90,26,unknown,-Wunused-dummy-argument
/local/sonst/work/other/Shetran/src/compute/contaminant/contaminant_utilities.f90,26,unknown,-Wunused-dummy-argument
/local/sonst/work/other/Shetran/src/compute/contaminant/contaminant_utilities.f90,16,unknown,-Wunused-dummy-argument
/local/sonst/work/other/Shetran/src/compute/contaminant/contaminant_utilities.f90,16,unknown,-Wunused-dummy-argument
/local/sonst/work/other/Shetran/src/compute/contaminant/contaminant_data_reader.f90,524,unknown,-Wunused-label
/local/sonst/work/other/Shetran/src/compute/contaminant/contaminant_data_reader.f90,520,unknown,-Wunused-label
/local/sonst/work/other/Shetran/src/compute/contaminant/contaminant_data_reader.f90,516,unknown,-Wunused-label
/local/sonst/work/other/Shetran/src/compute/contaminant/contaminant_data_reader.f90,512,unknown,-Wunused-label
/local/sonst/work/other/Shetran/src/compute/contaminant/contaminant_data_reader.f90,508,unknown,-Wunused-label
/local/sonst/work/other/Shetran/src/compute/contaminant/contaminant_data_reader.f90,504,unknown,-Wunused-label
/local/sonst/work/other/Shetran/src/compute/contaminant/contaminant_data_reader.f90,500,unknown,-Wunused-label
/local/sonst/work/other/Shetran/src/compute/contaminant/contaminant_data_reader.f90,496,unknown,-Wunused-label
/local/sonst/work/other/Shetran/src/compute/contaminant/contaminant_data_reader.f90,492,unknown,-Wunused-label
/local/sonst/work/other/Shetran/src/compute/contaminant/contaminant_data_reader.f90,488,unknown,-Wunused-label
/local/sonst/work/other/Shetran/src/compute/contaminant/contaminant_data_reader.f90,484,unknown,-Wunused-label
/local/sonst/work/other/Shetran/src/compute/contaminant/contaminant_data_reader.f90,480,unknown,-Wunused-label
/local/sonst/work/other/Shetran/src/compute/contaminant/contaminant_data_reader.f90,476,unknown,-Wunused-label
/local/sonst/work/other/Shetran/src/compute/contaminant/contaminant_data_reader.f90,472,unknown,-Wunused-label
/local/sonst/work/other/Shetran/src/compute/contaminant/contaminant_data_reader.f90,468,unknown,-Wunused-label
/local/sonst/work/other/Shetran/src/compute/contaminant/contaminant_link_solver.f90,484,unknown,-Wintrinsic-shadow
/local/sonst/work/other/Shetran/src/compute/contaminant/contaminant_link_solver.f90,606,unknown,-Wunused-dummy-argument
/local/sonst/work/other/Shetran/src/compute/contaminant/contaminant_link_solver.f90,606,unknown,-Wunused-dummy-argument
/local/sonst/work/other/Shetran/src/compute/contaminant/contaminant_link_solver.f90,606,unknown,-Wunused-dummy-argument
/local/sonst/work/other/Shetran/src/compute/contaminant/contaminant_link_solver.f90,544,unknown,-Wunused-variable
/local/sonst/work/other/Shetran/src/compute/contaminant/contaminant_link_solver.f90,544,unknown,-Wunused-variable
/local/sonst/work/other/Shetran/src/compute/contaminant/contaminant_link_solver.f90,534,unknown,-Wunused-dummy-argument
/local/sonst/work/other/Shetran/src/compute/contaminant/contaminant_link_solver.f90,544,unknown,-Wunused-variable
/local/sonst/work/other/Shetran/src/compute/contaminant/contaminant_link_solver.f90,544,unknown,-Wunused-variable
/local/sonst/work/other/Shetran/src/compute/contaminant/contaminant_link_solver.f90,543,unknown,-Wunused-variable
/local/sonst/work/other/Shetran/src/compute/contaminant/contaminant_link_solver.f90,544,unknown,-Wunused-variable
/local/sonst/work/other/Shetran/src/compute/contaminant/contaminant_link_solver.f90,544,unknown,-Wunused-variable
/local/sonst/work/other/Shetran/src/compute/contaminant/contaminant_link_solver.f90,484,unknown,-Wunused-dummy-argument
/local/sonst/work/other/Shetran/src/compute/contaminant/contaminant_link_solver.f90,484,unknown,-Wunused-dummy-argument
/local/sonst/work/other/Shetran/src/compute/contaminant/contaminant_link_solver.f90,36,unknown,-Wunused-variable
/local/sonst/work/other/Shetran/src/compute/contaminant/contaminant_link_solver.f90,38,unknown,-Wunused-variable
/local/sonst/work/other/Shetran/src/compute/contaminant/contaminant_link_solver.f90,32,unknown,-Wunused-variable
/local/sonst/work/other/Shetran/src/compute/contaminant/contaminant_link_solver.f90,32,unknown,-Wunused-variable
/local/sonst/work/other/Shetran/src/visualisation/visualisation_interface_centre.f90,136,unknown,-Wunused-dummy-argument
/local/sonst/work/other/Shetran/src/visualisation/visualisation_interface_centre.f90,136,unknown,-Wunused-dummy-argument
/local/sonst/work/other/Shetran/src/visualisation/visualisation_interface_centre.f90,136,unknown,-Wunused-dummy-argument
/local/sonst/work/other/Shetran/src/visualisation/visualisation_interface_centre.f90,136,unknown,-Wunused-dummy-argument
/local/sonst/work/other/Shetran/src/visualisation/visualisation_interface_centre.f90,214,unknown,-Wmaybe-uninitialized
/local/sonst/work/other/Shetran/src/visualisation/visualisation_interface_centre.f90,221,unknown,-Wmaybe-uninitialized
/local/sonst/work/other/Shetran/src/visualisation/visualisation_interface_centre.f90,221,unknown,-Wmaybe-uninitialized
/local/sonst/work/other/Shetran/src/visualisation/visualisation_interface_centre.f90,226,unknown,-Wmaybe-uninitialized
/local/sonst/work/other/Shetran/src/visualisation/visualisation_interface_right.f90,78,unknown,-Wcharacter-truncation
/local/sonst/work/other/Shetran/src/visualisation/visualisation_interface_right.f90,88,unknown,-Wcharacter-truncation
/local/sonst/work/other/Shetran/src/compute/contaminant/contaminant_column_solver.f90,285,unknown,-Wunused-variable
/local/sonst/work/other/Shetran/src/compute/contaminant/contaminant_column_solver.f90,285,unknown,-Wunused-variable
/local/sonst/work/other/Shetran/src/visualisation/visualisation_interface_right.f90,268,unknown,-Wunused-variable
/local/sonst/work/other/Shetran/src/compute/contaminant/contaminant_column_solver.f90,285,unknown,-Wunused-variable
/local/sonst/work/other/Shetran/src/compute/contaminant/contaminant_column_solver.f90,285,unknown,-Wunused-variable
/local/sonst/work/other/Shetran/src/compute/contaminant/contaminant_column_solver.f90,286,unknown,-Wunused-variable
/local/sonst/work/other/Shetran/src/compute/contaminant/contaminant_column_solver.f90,284,unknown,-Wunused-variable
/local/sonst/work/other/Shetran/src/compute/contaminant/contaminant_column_solver.f90,284,unknown,-Wunused-variable
/local/sonst/work/other/Shetran/src/compute/contaminant/contaminant_column_solver.f90,286,unknown,-Wunused-variable
/local/sonst/work/other/Shetran/src/compute/contaminant/contaminant_column_solver.f90,286,unknown,-Wunused-variable
/local/sonst/work/other/Shetran/src/compute/contaminant/contaminant_column_solver.f90,286,unknown,-Wunused-variable
/local/sonst/work/other/Shetran/src/compute/contaminant/contaminant_column_solver.f90,286,unknown,-Wunused-variable
/local/sonst/work/other/Shetran/src/visualisation/visualisation_interface_right.f90,237,unknown,-Wunused-variable
/local/sonst/work/other/Shetran/src/visualisation/visualisation_interface_right.f90,168,unknown,-Wunused-dummy-argument
/local/sonst/work/other/Shetran/src/visualisation/visualisation_interface_right.f90,168,unknown,-Wunused-dummy-argument
/local/sonst/work/other/Shetran/src/compute/hydraulic_flow/flow_calculator.f90,225,unknown,1
/local/sonst/work/other/Shetran/src/compute/hydraulic_flow/flow_calculator.f90,225,unknown,2
/local/sonst/work/other/Shetran/src/compute/hydraulic_flow/flow_calculator.f90,225,unknown,3
/local/sonst/work/other/Shetran/src/compute/contaminant/contaminant_column_solver.f90,713,unknown,-Wmaybe-uninitialized
/local/sonst/work/other/Shetran/src/compute/contaminant/contaminant_column_solver.f90,222,unknown,-Wmaybe-uninitialized
/local/sonst/work/other/Shetran/src/compute/contaminant/contaminant_column_solver.f90,222,unknown,-Wmaybe-uninitialized
/local/sonst/work/other/Shetran/src/compute/contaminant/contaminant_column_solver.f90,215,unknown,-Wmaybe-uninitialized
/local/sonst/work/other/Shetran/src/compute/contaminant/contaminant_column_solver.f90,204,unknown,-Wmaybe-uninitialized
/local/sonst/work/other/Shetran/src/compute/contaminant/contaminant_column_solver.f90,204,unknown,-Wmaybe-uninitialized
/local/sonst/work/other/Shetran/src/compute/contaminant/contaminant_column_solver.f90,203,unknown,-Wmaybe-uninitialized
/local/sonst/work/other/Shetran/src/compute/contaminant/contaminant_column_solver.f90,199,unknown,-Wmaybe-uninitialized
/local/sonst/work/other/Shetran/src/compute/contaminant/contaminant_column_solver.f90,203,unknown,-Wmaybe-uninitialized
/local/sonst/work/other/Shetran/src/compute/contaminant/contaminant_column_solver.f90,214,unknown,-Wmaybe-uninitialized
/local/sonst/work/other/Shetran/src/compute/contaminant/contaminant_column_solver.f90,215,unknown,-Wmaybe-uninitialized
/local/sonst/work/other/Shetran/src/compute/contaminant/contaminant_column_solver.f90,222,unknown,-Wmaybe-uninitialized
/local/sonst/work/other/Shetran/src/compute/contaminant/contaminant_column_solver.f90,199,unknown,-Wmaybe-uninitialized
/local/sonst/work/other/Shetran/src/compute/contaminant/contaminant_column_solver.f90,204,unknown,-Wmaybe-uninitialized
/local/sonst/work/other/Shetran/src/compute/contaminant/contaminant_column_solver.f90,203,unknown,-Wmaybe-uninitialized
/local/sonst/work/other/Shetran/src/compute/contaminant/contaminant_column_solver.f90,214,unknown,-Wmaybe-uninitialized
/local/sonst/work/other/Shetran/src/compute/contaminant/contaminant_column_solver.f90,215,unknown,-Wmaybe-uninitialized
/local/sonst/work/other/Shetran/src/simulation/overland_channel/oc_matrix_coefficients.f90,40,unknown,-Wunused-variable
/local/sonst/work/other/Shetran/src/io/meteorological_input.f90,96,unknown,-Wunused-variable
/local/sonst/work/other/Shetran/src/io/meteorological_input.f90,96,unknown,-Wunused-variable
/local/sonst/work/other/Shetran/src/io/meteorological_input.f90,96,unknown,-Wunused-variable
/local/sonst/work/other/Shetran/src/simulation/overland_channel/oc_matrix_coefficients.f90,86,unknown,-Wmaybe-uninitialized
/local/sonst/work/other/Shetran/src/simulation/overland_channel/oc_time_stepping.f90,42,unknown,-Wunused-variable
/local/sonst/work/other/Shetran/src/simulation/overland_channel/oc_time_stepping.f90,42,unknown,-Wunused-variable
/local/sonst/work/other/Shetran/src/simulation/overland_channel/oc_time_stepping.f90,45,unknown,-Wsurprising
/local/sonst/work/other/Shetran/src/simulation/overland_channel/oc_time_stepping.f90,40,unknown,-Wunused-variable
/local/sonst/work/other/Shetran/src/simulation/overland_channel/oc_time_stepping.f90,49,unknown,-Wunused-variable
/local/sonst/work/other/Shetran/src/simulation/overland_channel/oc_time_stepping.f90,51,unknown,-Wunused-variable
/local/sonst/work/other/Shetran/src/simulation/overland_channel/oc_time_stepping.f90,39,unknown,-Wunused-variable
/local/sonst/work/other/Shetran/src/simulation/overland_channel/oc_time_stepping.f90,41,unknown,-Wunused-variable
/local/sonst/work/other/Shetran/src/simulation/overland_channel/oc_time_stepping.f90,41,unknown,-Wunused-variable
/local/sonst/work/other/Shetran/src/simulation/overland_channel/oc_time_stepping.f90,48,unknown,-Wunused-variable
/local/sonst/work/other/Shetran/src/simulation/overland_channel/oc_time_stepping.f90,50,unknown,-Wunused-variable
/local/sonst/work/other/Shetran/src/simulation/overland_channel/oc_time_stepping.f90,40,unknown,-Wunused-variable
/local/sonst/work/other/Shetran/src/simulation/overland_channel/oc_time_stepping.f90,40,unknown,-Wunused-variable
/local/sonst/work/other/Shetran/src/simulation/overland_channel/oc_time_stepping.f90,40,unknown,-Wunused-variable
/local/sonst/work/other/Shetran/src/simulation/overland_channel/oc_time_stepping.f90,40,unknown,-Wunused-variable
/local/sonst/work/other/Shetran/src/simulation/overland_channel/oc_time_stepping.f90,41,unknown,-Wunused-variable
/local/sonst/work/other/Shetran/src/simulation/overland_channel/oc_time_stepping.f90,41,unknown,-Wunused-variable
/local/sonst/work/other/Shetran/src/simulation/overland_channel/oc_time_stepping.f90,41,unknown,-Wunused-variable
/local/sonst/work/other/Shetran/src/simulation/framework/framework_element_sorting.f90,268,unknown,-Wunused-label
/local/sonst/work/other/Shetran/src/simulation/framework/framework_element_sorting.f90,266,unknown,-Wunused-label
/local/sonst/work/other/Shetran/src/simulation/framework/framework_element_sorting.f90,262,unknown,-Wunused-label
/local/sonst/work/other/Shetran/src/simulation/framework/framework_element_sorting.f90,204,unknown,-Wunused-label
/local/sonst/work/other/Shetran/src/simulation/framework/framework_element_sorting.f90,199,unknown,-Wunused-label
/local/sonst/work/other/Shetran/src/simulation/framework/framework_element_sorting.f90,198,unknown,-Wunused-label
/local/sonst/work/other/Shetran/src/simulation/framework/framework_element_sorting.f90,180,unknown,-Wunused-label
/local/sonst/work/other/Shetran/src/simulation/framework/framework_element_sorting.f90,145,unknown,-Wunused-label
/local/sonst/work/other/Shetran/src/simulation/framework/framework_output_manager.f90,1054,unknown,-Wunused-label
/local/sonst/work/other/Shetran/src/simulation/framework/framework_output_manager.f90,907,unknown,-Wunused-label
/local/sonst/work/other/Shetran/src/simulation/framework/framework_output_manager.f90,908,unknown,-Wunused-label
/local/sonst/work/other/Shetran/src/simulation/framework/framework_spatial_setup.f90,167,unknown,-Wunused-label
/local/sonst/work/other/Shetran/src/simulation/framework/framework_output_manager.f90,754,unknown,-Wconversion
/local/sonst/work/other/Shetran/src/simulation/framework/framework_output_manager.f90,810,unknown,-Wconversion
/local/sonst/work/other/Shetran/src/simulation/framework/framework_output_manager.f90,394,unknown,-Wmaybe-uninitialized
/local/sonst/work/other/Shetran/src/simulation/framework/framework_component_initialization.f90,1749,unknown,-Wunused-label
/local/sonst/work/other/Shetran/src/simulation/framework/framework_component_initialization.f90,1114,unknown,-Wunused-label
/local/sonst/work/other/Shetran/src/simulation/framework/framework_component_initialization.f90,1666,unknown,-Wunused-variable
/local/sonst/work/other/Shetran/src/simulation/framework/framework_component_initialization.f90,1666,unknown,-Wunused-variable
/local/sonst/work/other/Shetran/src/simulation/framework/framework_component_initialization.f90,1669,unknown,-Wunused-variable
/local/sonst/work/other/Shetran/src/simulation/framework/framework_component_initialization.f90,1667,unknown,-Wunused-variable
/local/sonst/work/other/Shetran/src/simulation/framework/framework_component_initialization.f90,1667,unknown,-Wunused-variable
/local/sonst/work/other/Shetran/src/simulation/framework/framework_component_initialization.f90,1666,unknown,-Wunused-variable
/local/sonst/work/other/Shetran/src/simulation/framework/framework_component_initialization.f90,1666,unknown,-Wunused-variable
/local/sonst/work/other/Shetran/src/simulation/framework/framework_component_initialization.f90,1670,unknown,-Wunused-variable
/local/sonst/work/other/Shetran/src/simulation/framework/framework_component_initialization.f90,1666,unknown,-Wunused-variable
/local/sonst/work/other/Shetran/src/simulation/framework/framework_component_initialization.f90,1667,unknown,-Wunused-variable
/local/sonst/work/other/Shetran/src/simulation/framework/framework_component_initialization.f90,777,unknown,-Wmaybe-uninitialized
/local/sonst/work/other/Shetran/src/simulation/framework/framework_shared.f90,620,unknown,-Wunused-label
/local/sonst/work/other/Shetran/src/simulation/framework/framework_shared.f90,537,unknown,-Wunused-variable
/local/sonst/work/other/Shetran/src/simulation/framework/framework_shared.f90,537,unknown,-Wunused-variable
/local/sonst/work/other/Shetran/src/simulation/framework/framework_shared.f90,540,unknown,-Wunused-variable
/local/sonst/work/other/Shetran/src/simulation/framework/framework_shared.f90,538,unknown,-Wunused-variable
/local/sonst/work/other/Shetran/src/simulation/framework/framework_shared.f90,538,unknown,-Wunused-variable
/local/sonst/work/other/Shetran/src/simulation/framework/framework_shared.f90,537,unknown,-Wunused-variable
/local/sonst/work/other/Shetran/src/simulation/framework/framework_shared.f90,537,unknown,-Wunused-variable
/local/sonst/work/other/Shetran/src/simulation/framework/framework_shared.f90,541,unknown,-Wunused-variable
/local/sonst/work/other/Shetran/src/simulation/framework/framework_shared.f90,537,unknown,-Wunused-variable
/local/sonst/work/other/Shetran/src/simulation/framework/framework_shared.f90,538,unknown,-Wunused-variable
/local/sonst/work/other/Shetran/src/simulation/framework/framework_shared.f90,2182,unknown,-Wmaybe-uninitialized
/local/sonst/work/other/Shetran/src/simulation/framework/framework_initialization.f90,275,unknown,-Wunused-label
/local/sonst/work/other/Shetran/src/simulation/timestep_control.f90,114,unknown,-Wunused-label
/local/sonst/work/other/Shetran/src/simulation/run_sim.f90,250,unknown,-Wunused-label
/local/sonst/work/other/Shetran/src/simulation/run_sim.f90,69,unknown,-Wunused-variable
